,City,Cloudiness,Country,Date,Humidity,Lat,Lng,Max Temp,Wind Speed
0,Rikitea,12,PF,1593530599,62,-23.12,-134.97,68.7,17.74
1,Esperance,75,AU,1593530947,76,-33.87,121.9,55.4,31.09
2,Port Alfred,25,ZA,1593530949,82,-33.59,26.89,60.01,7.99
3,Rochegda,100,RU,1593530950,42,62.8,43.25,64.17,9.86
4,Bonfim,99,BR,1593530951,80,3.08,-59.95,79.93,2.68
5,Bambous Virieux,40,MU,1593530865,78,-20.34,57.76,71.6,2.24
6,Norman Wells,75,CA,1593530954,63,65.28,-126.83,66.2,10.29
7,Barra de Tecoanapa,7,MX,1593530955,53,16.52,-98.75,86.86,2.1
8,Morón,90,AR,1593530911,100,-34.65,-58.62,55.0,6.93
9,Mataura,36,NZ,1593530702,83,-46.19,168.86,39.0,3.0
10,Vaini,75,TO,1593530959,94,-21.2,-175.2,73.4,6.93
11,Yellowknife,5,CA,1593530961,56,62.46,-114.35,71.01,4.7
12,George Town,20,MY,1593530796,78,5.41,100.34,86.0,6.93
13,Port Hardy,90,CA,1593530757,81,50.7,-127.42,53.6,11.41
14,Manado,20,ID,1593530964,94,1.49,124.85,75.2,2.55
15,Along,93,IN,1593530966,88,28.17,94.77,75.38,0.58
16,Shakiso,91,ET,1593530967,78,5.75,38.92,65.7,4.68
17,Jamestown,75,US,1593530968,64,42.1,-79.24,77.0,8.05
18,Padang,16,ID,1593530869,80,-0.95,100.35,79.25,4.54
19,Fethiye,20,TR,1593530971,51,36.62,29.12,86.0,9.17
20,Butaritari,25,KI,1593530972,76,3.07,172.79,81.3,3.04
21,Havelock,40,US,1593530739,49,34.88,-76.9,89.6,3.36
22,San Cristobal,20,VE,1593530839,33,7.77,-72.22,91.4,13.87
23,Bonthe,70,SL,1593530976,76,7.53,-12.51,81.59,10.13
24,Brae,90,GB,1593530872,93,60.4,-1.35,55.4,10.29
25,Khatanga,100,RU,1593530978,62,71.97,102.5,68.05,5.66
26,Ushuaia,40,AR,1593530837,79,-54.8,-68.3,28.4,4.7
27,Matara,100,LK,1593530981,87,5.95,80.54,80.01,8.93
28,Pangody,100,RU,1593530982,73,65.85,74.49,54.0,12.1
29,Pisco,63,PE,1593530983,85,-13.7,-76.22,62.01,3.0
30,Ushtobe,90,KZ,1593530985,18,45.25,77.98,78.35,16.4
31,Dikson,90,RU,1593530986,71,73.51,80.55,49.1,8.08
32,Lat Yao,100,TH,1593530987,63,15.75,99.79,84.02,13.0
33,Cidreira,100,BR,1593530988,95,-30.18,-50.21,61.57,10.27
34,Kumul,0,CN,1593530841,19,42.8,93.45,78.71,7.05
35,Port Elizabeth,0,ZA,1593530991,72,-33.92,25.57,60.8,9.17
36,Fortuna,90,US,1593530840,87,40.6,-124.16,57.0,5.82
37,Port Hawkesbury,90,CA,1593530994,100,45.62,-61.35,68.0,9.17
38,Kabare,96,CD,1593530995,61,-2.47,28.82,70.93,4.27
39,Hermanus,3,ZA,1593530996,68,-34.42,19.23,66.99,4.27
40,Avarua,77,CK,1593530870,83,-21.21,-159.78,73.4,11.41
41,Hobart,93,AU,1593530999,93,-42.88,147.33,43.0,3.36
42,Biak,27,ID,1593531000,84,-0.91,122.88,76.12,7.31
43,Tiksi,1,RU,1593531001,67,71.69,128.87,45.28,4.45
44,Mount Isa,0,AU,1593530854,62,-20.73,139.5,55.4,1.12
45,Cherdakly,20,RU,1593531004,45,54.36,48.84,62.6,6.71
46,Marzuq,38,YE,1593531005,27,14.4,46.47,91.13,4.16
47,Mar del Plata,100,AR,1593530951,81,-38.0,-57.56,52.0,21.92
48,Vila Franca do Campo,40,PT,1593531008,88,37.72,-25.43,69.8,18.34
49,Hay River,75,CA,1593531009,72,60.82,-115.8,64.4,3.36
50,Busselton,68,AU,1593531011,62,-33.65,115.33,54.0,14.85
51,Torbay,90,CA,1593530856,83,47.67,-52.73,73.4,16.11
52,Muscat,20,OM,1593530740,84,23.61,58.59,89.6,13.87
53,Albany,75,US,1593530810,69,42.6,-73.97,73.4,3.36
54,Pamplona,20,ES,1593531016,38,42.82,-1.64,90.0,2.24
55,Lagoa,95,PT,1593531017,92,39.05,-27.98,67.1,14.56
56,Lakatoro,90,VU,1593531018,88,-16.1,167.42,71.6,9.17
57,Kaitangata,97,NZ,1593531019,68,-46.28,169.85,44.01,7.0
58,Nikolskoye,75,RU,1593530837,72,59.7,30.79,60.8,22.37
59,Hasaki,75,JP,1593530845,88,35.73,140.83,79.0,12.75
60,Harper,42,LR,1593531023,75,4.38,-7.72,79.21,10.87
61,Cape Town,2,ZA,1593531025,63,-33.93,18.42,66.2,5.82
62,Tasiilaq,75,GL,1593531026,57,65.61,-37.64,48.2,24.16
63,Chokurdakh,3,RU,1593531027,60,70.63,147.92,42.76,8.08
64,Longyearbyen,20,SJ,1593530541,39,78.22,15.64,50.0,9.17
65,Monmouth,20,US,1593531030,65,40.3,-74.17,78.01,8.05
66,Hilo,90,US,1593530965,73,19.73,-155.09,73.4,4.7
67,Bethel,90,US,1593531032,69,41.37,-73.41,73.4,6.93
68,Latung,39,PH,1593531034,77,5.5,120.88,83.08,7.23
69,Tuktoyaktuk,90,CA,1593531035,81,69.45,-133.04,50.0,5.82
70,Salalah,75,OM,1593531036,89,17.02,54.09,84.2,11.41
71,Hong Kong,100,HK,1593530885,74,22.29,114.16,86.0,11.01
72,Klaksvík,99,FO,1593531039,66,62.23,-6.59,51.8,14.99
73,Punta Arenas,90,CL,1593531040,92,-53.15,-70.92,28.4,1.12
74,Saint Paul Harbor,1,US,1593531041,71,57.79,-152.41,53.6,3.36
75,Tongliao,10,CN,1593531043,63,43.61,122.27,70.63,7.07
76,Puerto Colombia,20,CO,1593531044,79,10.99,-74.95,86.0,4.7
77,Talnakh,41,RU,1593531045,72,69.49,88.4,60.8,17.9
78,Raudeberg,100,NO,1593531047,82,61.99,5.14,55.0,25.59
79,Kalawit,56,PH,1593531048,80,8.07,122.52,78.58,1.66
80,Senanga,0,ZM,1593531049,21,-16.12,23.27,73.44,6.11
81,Zyryanskoye,91,RU,1593531051,65,56.83,86.63,60.33,3.6
82,San Patricio,40,MX,1593531052,74,19.22,-104.7,86.0,3.09
83,Ocampo,1,MX,1593531053,57,21.65,-101.5,67.82,3.2
84,Springfield,40,US,1593531054,88,37.22,-93.3,80.01,8.05
85,Mahébourg,40,MU,1593531056,78,-20.41,57.7,71.6,2.24
86,Santa María del Oro,88,MX,1593531057,37,25.93,-105.37,78.6,5.17
87,Dennery,75,LC,1593531058,70,13.9,-60.89,86.0,23.04
88,Camacha,20,PT,1593531060,69,33.08,-16.33,73.4,13.87
89,New Norfolk,90,AU,1593531061,89,-42.78,147.06,43.0,5.99
90,Bredasdorp,10,ZA,1593531062,72,-34.53,20.04,62.6,9.17
91,Airai,94,TL,1593530843,100,-8.93,125.41,55.2,2.3
92,Sulangan,1,PH,1593531065,70,11.14,123.72,84.27,6.22
93,Yatou,74,CN,1593531066,84,37.15,122.38,65.61,6.46
94,Atuona,0,PF,1593530833,75,-9.8,-139.03,80.02,20.09
95,Puerto Ayora,75,EC,1593531069,78,-0.74,-90.35,73.4,12.75
96,Lüderitz,0,NA,1593531070,24,-26.65,15.16,78.8,4.7
97,Lebanon,40,US,1593530951,83,36.21,-86.29,79.0,6.93
98,Bukachacha,19,RU,1593531073,60,52.98,116.92,60.57,6.33
99,Ribeira Grande,75,PT,1593531074,88,38.52,-28.7,69.8,17.22
100,Port Blair,100,IN,1593531075,81,11.67,92.75,81.79,15.21
101,Salinas,1,US,1593530832,67,36.68,-121.66,62.6,12.75
102,Kapaa,20,US,1593531078,78,22.08,-159.32,78.8,11.41
103,Port Macquarie,5,AU,1593530860,97,-31.43,152.92,46.99,5.46
104,Dymer,20,UA,1593531081,53,50.79,30.3,77.0,11.18
105,La Ronge,90,CA,1593531082,87,55.1,-105.28,57.2,11.41
106,Uyuni,0,BO,1593531083,40,-20.46,-66.83,45.07,13.15
107,Turukhansk,53,RU,1593531084,82,65.82,87.98,57.04,11.54
108,Santa Rosa,40,PH,1593531086,78,14.31,121.11,82.99,3.36
109,Saskylakh,0,RU,1593530839,36,71.92,114.08,82.04,7.4
110,Coquimbo,48,CL,1593531088,81,-29.95,-71.34,53.6,4.7
111,Gazimurskiy Zavod,73,RU,1593531090,72,51.55,118.33,59.07,0.92
112,Berbera,15,SO,1593531091,36,10.44,45.01,98.94,9.84
113,Shubarkuduk,24,KZ,1593531092,44,49.14,56.49,67.14,6.64
114,Alekseyevka,72,RU,1593531093,68,50.63,38.69,73.45,5.41
115,Bodaybo,7,RU,1593531095,66,57.85,114.19,64.87,0.96
116,Cuauhtémoc,76,MX,1593531096,53,28.42,-106.87,70.0,8.99
117,Flin Flon,90,CA,1593531097,93,54.77,-101.86,55.4,4.7
118,Mount Gambier,0,AU,1593531022,70,-37.83,140.77,48.2,11.41
119,Mossamedes,0,AO,1593530867,62,-15.2,12.15,75.31,11.12
120,Severo-Kuril'sk,97,RU,1593531102,89,50.68,156.12,46.6,16.89
121,Nahrin,81,AF,1593531103,36,36.06,69.13,76.86,2.21
122,Guerrero Negro,2,MX,1593531104,62,27.98,-114.06,70.27,10.87
123,Cayenne,75,GF,1593531106,70,4.93,-52.33,86.0,9.17
124,Byron Bay,90,AU,1593531107,93,-28.65,153.62,51.8,4.99
125,Mayumba,0,GA,1593531108,75,-3.43,10.66,74.3,7.92
126,Manbij,0,SY,1593531110,17,36.53,37.95,91.4,18.34
127,Kidal,80,ML,1593531111,20,18.44,1.41,99.99,2.91
128,Vanimo,73,PG,1593531112,78,-2.67,141.3,78.53,1.81
129,Omboué,18,GA,1593531113,71,-1.57,9.26,74.86,9.06
130,Saint George,1,US,1593531115,16,37.1,-113.58,72.0,1.66
131,Saint-Philippe,35,RE,1593531116,72,-21.36,55.77,68.0,3.36
132,Vostok,0,RU,1593530878,97,46.49,135.88,52.59,1.01
133,Clyde River,75,CA,1593531119,93,70.47,-68.59,35.6,12.75
134,Nome,90,US,1593531120,87,64.5,-165.41,42.8,8.05
135,Leningradskiy,100,RU,1593531121,96,69.38,178.42,33.67,4.68
136,Nyurba,4,RU,1593531123,62,63.28,118.33,67.84,2.53
137,Aste,65,IT,1593531124,44,45.79,11.1,87.01,4.0
138,Lashio,100,MM,1593531125,98,22.93,97.75,70.83,1.5
139,Idrinskoye,92,RU,1593531126,69,54.37,92.14,60.8,5.86
140,Kargasok,21,RU,1593531128,81,59.06,80.86,51.44,0.87
141,Kahului,90,US,1593531055,83,20.89,-156.47,77.0,5.82
142,Bengkulu,0,ID,1593531130,76,-3.8,102.27,76.51,4.85
143,Porbandar,100,IN,1593531133,77,21.64,69.61,84.13,5.86
144,Dingzhou,0,CN,1593531134,88,38.51,115.0,71.6,2.24
145,Waipawa,95,NZ,1593531135,81,-41.41,175.52,48.2,33.33
146,Ancud,90,CL,1593531137,100,-41.87,-73.82,50.0,6.93
147,Kutum,66,SD,1593531138,31,14.2,24.67,86.27,10.22
148,Kapuskasing,75,CA,1593531139,54,49.42,-82.43,84.2,6.93
149,Ereymentau,20,KZ,1593531140,46,51.62,73.1,70.36,10.71
150,Sola,52,VU,1593531142,81,-13.88,167.55,77.13,25.46
151,Iqaluit,75,CA,1593531143,80,63.75,-68.51,39.2,6.93
152,Fairbanks,75,US,1593531144,81,64.84,-147.72,50.0,4.7
153,Chapais,1,CA,1593531146,47,49.78,-74.85,77.0,6.93
154,Beringovskiy,100,RU,1593531147,97,63.05,179.32,41.68,8.14
155,Codrington,0,AU,1593531148,70,-38.27,141.97,44.46,11.52
156,Asău,21,RO,1593531150,78,46.43,26.4,70.0,2.95
157,Ostrovnoy,81,RU,1593531151,53,68.05,39.51,59.41,21.21
158,Caravelas,100,BR,1593531152,88,-17.71,-39.25,74.21,4.92
159,Aljezur,2,PT,1593531153,76,37.32,-8.8,80.01,12.77
160,Magnitogorsk,40,RU,1593531155,33,53.42,59.05,62.6,13.42
161,Ivybridge,100,GB,1593531156,97,50.39,-3.92,63.0,4.0
162,Linkou,2,CN,1593531157,91,45.3,130.28,58.28,2.75
163,Puerto Cabezas,40,NI,1593531159,79,14.04,-83.39,86.0,4.7
164,Castro,2,BR,1593531160,71,-24.79,-50.01,67.35,20.45
165,Antibes,75,FR,1593531161,74,43.56,7.13,80.6,5.82
166,Paragominas,1,BR,1593531162,73,-2.97,-47.48,84.51,2.95
167,Aklavik,75,CA,1593531164,87,68.22,-135.01,59.0,4.54
168,Vao,1,NC,1593531165,66,-22.67,167.48,67.82,17.4
169,Mizdah,0,LY,1593531166,10,31.45,12.98,97.59,16.31
170,Geraldton,90,AU,1593531168,82,-28.77,114.6,60.8,6.93
171,Beipiao,9,CN,1593531169,60,41.79,120.78,70.57,5.08
172,Hithadhoo,0,MV,1593530841,66,-0.6,73.08,84.85,5.46
173,Thompson,90,CA,1593531172,93,55.74,-97.86,55.4,11.41
174,Vitim,3,RU,1593531173,57,59.45,112.56,67.06,3.38
175,Portland,90,US,1593531100,82,45.52,-122.68,61.0,8.05
176,Alto Araguaia,40,BR,1593531175,38,-17.31,-53.22,82.2,14.03
177,Kavaratti,100,IN,1593530887,78,10.57,72.64,83.48,12.73
178,Requena,20,ES,1593531178,48,39.49,-1.1,88.0,11.99
179,Porto Santo,75,PT,1593530949,68,33.07,-16.34,71.6,12.75
180,Umluj,0,SA,1593531181,47,25.02,37.27,87.84,7.67
181,Sakakah,0,SA,1593531182,11,29.97,40.21,96.8,11.41
182,Kieta,100,PG,1593530896,76,-6.22,155.63,79.39,2.24
183,Āsmār,94,AF,1593531184,53,35.03,71.36,77.23,2.82
184,Valparaíso,37,CL,1593531186,66,-33.04,-71.63,55.4,9.17
185,Marsh Harbour,76,BS,1593531187,61,26.54,-77.06,86.02,9.33
186,Paamiut,26,GL,1593531188,94,61.99,-49.67,39.49,10.78
187,Manokwari,94,ID,1593531190,74,-0.87,134.08,79.47,6.91
188,Javorník,0,CZ,1593531191,39,50.39,17.0,73.0,3.0
189,Corrales,1,US,1593531192,21,35.24,-106.61,73.99,17.22
190,Ponta do Sol,40,PT,1593530834,69,32.67,-17.1,75.0,16.11
191,Qinzhou,98,CN,1593531195,83,21.95,108.62,82.89,6.93
192,Samarai,71,PG,1593531196,85,-10.62,150.67,77.81,14.61
193,Nazarovo,41,RU,1593531197,77,56.01,90.39,59.47,3.15
194,Alofi,100,NU,1593531199,94,-19.06,-169.92,77.0,6.93
195,Imbituba,75,BR,1593531200,78,-28.24,-48.67,71.6,13.87
196,Charters Towers,49,AU,1593531201,91,-20.1,146.27,60.82,11.81
197,Iława,86,PL,1593531203,54,53.6,19.57,69.01,8.99
198,San Gavino Monreale,0,IT,1593531204,26,39.55,8.79,95.0,12.75
199,Leiyang,100,CN,1593531205,86,26.4,112.86,80.67,2.75
200,Cherskiy,34,RU,1593531207,76,68.75,161.3,40.95,8.19
201,Marsá Maţrūḩ,0,EG,1593531208,74,31.35,27.25,78.8,13.87
202,Egvekinot,93,RU,1593531209,84,66.32,-179.17,36.19,10.98
203,Kudahuvadhoo,14,MV,1593531211,70,2.67,72.89,84.33,4.12
204,Lebu,98,CL,1593531212,86,-37.62,-73.65,52.9,17.54
205,Dombarovskiy,44,RU,1593531213,54,50.76,59.54,62.24,7.56
206,Zhigansk,0,RU,1593531214,51,66.77,123.37,68.27,9.86
207,Isla Vista,90,US,1593530987,93,34.41,-119.86,66.99,3.4
208,Bluff,67,NZ,1593531217,83,-46.6,168.33,39.0,3.0
209,Mehamn,75,NO,1593531218,100,71.04,27.85,42.8,24.16
210,Moyale,12,KE,1593531220,54,3.52,39.06,72.37,7.85
211,Te Anau,82,NZ,1593530944,86,-45.42,167.72,39.63,3.78
212,Gävle,96,SE,1593531193,78,60.67,17.14,63.0,7.0
213,Viedma,100,AR,1593531224,69,-40.81,-63.0,48.79,7.16
214,Akdepe,70,TM,1593531225,16,42.06,59.38,91.4,6.93
215,Felanitx,0,ES,1593531226,46,39.47,3.15,93.0,9.17
216,Tulum,40,MX,1593531228,79,20.22,-87.47,88.0,4.7
217,Yartsevo,100,RU,1593531229,92,55.07,32.7,61.74,5.95
218,Andros Town,40,BS,1593531230,70,24.7,-77.77,86.0,3.36
219,Verkhoyansk,90,RU,1593531231,47,67.54,133.38,64.47,3.04
220,Olafsvik,52,IS,1593531233,84,64.89,-23.71,50.5,1.45
221,São Filipe,0,CV,1593531234,70,14.9,-24.5,75.83,16.64
222,Upernavik,30,GL,1593531235,75,72.79,-56.15,40.33,10.76
223,Bluefield,75,US,1593531237,83,37.27,-81.22,75.0,4.7
224,Zhuangyuan,29,CN,1593531238,81,37.3,120.83,73.99,2.98
225,Srednekolymsk,55,RU,1593531239,63,67.45,153.68,44.71,7.7
226,Quepos,75,CR,1593531241,69,9.42,-84.17,77.0,14.99
227,Jalu,0,LY,1593531242,12,29.03,21.55,97.52,12.1
228,Grand-Santi,47,GF,1593531243,75,4.25,-54.38,84.9,3.76
229,Faanui,54,PF,1593531244,77,-16.48,-151.75,78.1,26.26
230,Agadez,0,NE,1593531199,8,19.75,10.25,102.13,10.92
231,Qaanaaq,97,GL,1593531247,77,77.48,-69.36,40.35,2.21
232,Chemal,97,RU,1593531248,77,51.41,86.0,57.96,3.15
233,Hernani,0,ES,1593531249,73,43.27,-1.98,77.0,8.05
234,Antofagasta,40,CL,1593531014,77,-23.65,-70.4,68.0,14.99
235,Progreso,75,MX,1593531252,74,21.28,-89.67,89.01,9.17
236,The Valley,20,AI,1593531253,66,18.22,-63.06,87.8,16.11
237,Chazuta,26,PE,1593531255,70,-6.57,-76.14,82.38,1.03
238,Salamanca,20,ES,1593531256,18,40.83,-6.0,93.99,8.05
239,Mae Hong Son,100,TH,1593531257,85,19.3,97.97,76.6,2.35
240,Yumen,0,CN,1593531259,29,40.28,97.2,71.51,8.23
241,Dunedin,100,NZ,1593531175,77,-45.87,170.5,44.01,1.99
242,Grindavik,90,IS,1593531261,100,63.84,-22.43,50.0,14.99
243,Shenjiamen,66,CN,1593531263,88,29.96,122.3,72.01,4.81
244,Gachsaran,0,IR,1593531264,13,30.36,50.8,98.6,9.17
245,Pentecoste,2,BR,1593531265,50,-3.79,-39.27,86.0,7.0
246,Avera,1,US,1593531266,55,33.19,-82.53,87.8,8.05
247,Auki,86,SB,1593531268,82,-8.77,160.7,76.73,3.8
248,Peterhead,40,GB,1593531269,67,57.51,-1.8,62.6,6.93
249,Vestmannaeyjar,75,IS,1593531270,81,63.44,-20.27,50.0,6.93
250,Hervey Bay,28,AU,1593531272,89,-25.3,152.85,60.01,4.0
251,Champerico,40,GT,1593531273,69,14.3,-91.92,82.4,10.38
252,Yerbogachën,93,RU,1593531274,55,61.28,108.01,69.37,1.52
253,Fort Morgan,1,US,1593531089,28,40.25,-103.8,69.8,20.8
254,Natal,75,BR,1593531277,62,-5.79,-35.21,84.2,13.87
255,Botwood,90,CA,1593531278,83,49.15,-55.35,73.4,9.17
256,Inyonga,19,TZ,1593531279,39,-6.72,32.07,74.23,8.28
257,Kodinsk,42,RU,1593531281,93,58.69,99.18,60.76,1.95
258,Dalbandin,57,PK,1593531282,34,28.89,64.41,90.03,20.18
259,Stornoway,40,GB,1593531283,87,58.21,-6.39,59.0,10.29
260,Shingū,100,JP,1593531285,94,33.73,135.98,73.67,12.1
261,Qasigiannguit,20,GL,1593531286,75,68.82,-51.19,44.6,5.82
262,Havre-St-Pierre,1,CA,1593531287,68,50.23,-63.6,69.8,9.17
263,Dharmadam,75,IN,1593531289,88,11.78,75.43,80.6,4.7
264,San Quintín,37,MX,1593531290,66,30.48,-115.95,65.73,8.37
265,Pasni,0,PK,1593531291,79,25.26,63.47,85.77,6.87
266,Fuerte Olimpo,0,PY,1593531293,36,-21.04,-57.87,91.02,14.74
267,Emba,48,KZ,1593531294,41,48.83,58.14,66.97,7.34
268,Necochea,100,AR,1593531276,62,-38.55,-58.74,50.0,17.0
269,Narsaq,75,GL,1593531296,57,60.92,-46.05,51.8,8.05
270,Port Harcourt,75,NG,1593531021,58,4.78,7.01,87.8,4.7
271,Paphos,0,CY,1593531299,74,34.77,32.42,80.6,12.75
272,College,75,US,1593531300,76,64.86,-147.8,50.0,5.35
273,Udachny,0,RU,1593531301,29,66.42,112.4,75.2,4.47
274,Hualmay,52,PE,1593531303,70,-11.1,-77.61,65.89,8.81
275,Sibolga,90,ID,1593531304,85,1.74,98.78,78.19,4.29
276,Waitati,100,NZ,1593531305,73,-45.75,170.57,44.01,24.0
277,Orlik,48,RU,1593531307,75,52.52,99.83,56.21,2.75
278,Vardø,75,NO,1593531068,93,70.37,31.11,42.8,25.28
279,Murgab,0,TM,1593531309,17,37.5,61.97,91.4,6.93
280,Carutapera,3,BR,1593531310,86,-1.2,-46.02,81.3,6.6
281,Habiganj,62,BD,1593531312,88,24.38,91.42,80.73,8.08
282,Den Helder,90,NL,1593531313,77,52.96,4.76,61.0,20.8
283,Arraial do Cabo,75,BR,1593531314,57,-22.97,-42.03,77.0,21.92
284,Tautira,20,PF,1593531316,78,-17.73,-149.15,71.6,5.82
285,Naze,90,JP,1593531317,94,28.37,129.48,80.6,11.41
286,Bilma,0,NE,1593531318,7,18.69,12.92,103.87,4.05
287,Anadyr,75,RU,1593531320,87,64.75,177.48,42.8,4.47
288,Nanortalik,100,GL,1593531321,88,60.14,-45.24,40.82,5.44
289,Beyneu,100,KZ,1593531322,42,45.32,55.2,78.53,12.35
290,Bima,6,ID,1593531324,89,-8.47,118.72,71.94,3.53
291,Mersing,100,MY,1593531325,94,2.43,103.84,77.0,4.7
292,Korsakov,75,RU,1593531326,93,46.63,142.78,53.6,4.47
293,Mount Juliet,75,US,1593531328,88,36.2,-86.52,77.0,8.05
294,Pevek,97,RU,1593531329,96,69.7,170.31,34.32,6.13
295,Araouane,0,ML,1593531330,8,18.9,-3.53,109.94,10.65
296,Provideniya,100,RU,1593531332,86,64.38,-173.3,43.21,7.61
297,Fort Nelson,75,CA,1593531333,87,58.81,-122.7,57.2,4.7
298,Kita,44,ML,1593531334,39,13.03,-9.49,94.48,3.69
299,Broome,90,US,1593531335,82,42.25,-75.83,70.0,9.17
300,Ilulissat,20,GL,1593531337,75,69.22,-51.1,44.6,5.82
301,Lompoc,0,US,1593531110,93,34.64,-120.46,57.99,3.36
302,Sisimiut,97,GL,1593531317,52,66.94,-53.67,53.2,14.14
303,Poum,0,NC,1593531341,60,-20.23,164.02,69.19,18.39
304,Lüshunkou,100,CN,1593531342,78,38.8,121.27,73.4,6.71
305,Barrow,90,US,1593531343,93,71.29,-156.79,35.6,4.47
306,Husavik,1,IS,1593531345,50,66.04,-17.34,57.2,9.17
307,Amahai,82,ID,1593531346,98,-3.33,128.92,81.0,1.01
308,Aksu,55,CN,1593531347,18,41.12,80.26,77.74,5.88
309,Saldanha,0,ZA,1593531349,49,-33.01,17.94,71.6,4.7
310,Korla,0,CN,1593531350,72,41.76,86.15,82.99,4.0
311,Comodoro Rivadavia,75,AR,1593531352,87,-45.87,-67.5,42.8,2.24
312,Imeni Poliny Osipenko,73,RU,1593531353,72,52.42,136.49,57.7,7.36
313,Sinnamary,5,GF,1593530846,73,5.38,-52.95,84.13,13.2
314,Russell,1,US,1593531355,70,32.35,-85.2,87.8,4.7
315,Ballina,90,AU,1593531357,93,-28.87,153.57,51.8,6.08
316,Port Hedland,13,AU,1593531358,59,-20.32,118.57,66.2,4.41
317,Itarema,0,BR,1593531359,55,-2.92,-39.92,85.14,11.92
318,Basoko,55,CD,1593531361,75,1.24,23.62,80.38,1.97
319,Kuytun,1,RU,1593531362,64,54.34,101.5,66.54,4.38
320,Hereford,98,GB,1593531130,82,52.06,-2.71,64.99,5.99
321,Bodītī,72,ET,1593531364,91,6.97,37.87,61.18,6.02
322,Alcúdia,0,ES,1593531366,43,39.85,3.12,91.99,13.87
323,East London,20,ZA,1593531083,72,-33.02,27.91,62.6,10.29
324,Sanmenxia,72,CN,1593531368,57,34.77,111.18,77.88,8.97
325,Gohāna,4,IN,1593531370,20,29.13,76.7,100.71,5.39
326,Verkh-Usugli,55,RU,1593531371,73,52.7,115.17,57.36,3.96
327,Lingyuan,99,CN,1593531372,61,41.24,119.4,68.95,2.1
328,Vila,31,PT,1593531373,61,42.03,-8.16,87.01,13.87
329,Isugod,27,PH,1593531375,79,9.34,118.12,80.13,7.16
330,Tornio,20,FI,1593531376,77,65.85,24.15,64.4,8.05
331,Berlevåg,75,NO,1593531377,100,70.86,29.09,39.2,24.16
332,Rafaela,8,AR,1593531379,57,-31.25,-61.49,59.0,10.0
333,Kibondo,100,TZ,1593531380,42,-3.59,30.72,72.97,2.77
334,Mercedes,100,AR,1593531381,99,-34.65,-59.43,53.01,1.99
335,Saint-François,21,FR,1593531383,47,46.42,3.91,78.8,8.05
336,Zvishavane,0,ZW,1593531384,62,-20.33,30.07,59.11,7.81
337,Hohhot,37,CN,1593531385,77,40.81,111.65,64.4,6.71
338,Yulara,0,AU,1593531386,33,-25.24,130.99,46.4,3.36
339,Najrān,64,SA,1593531388,11,17.49,44.13,104.0,12.75
340,Lorengau,100,PG,1593531389,74,-2.02,147.27,82.42,7.0
341,Olinda,40,BR,1593531390,69,-8.01,-34.86,82.4,10.29
342,Mastic Beach,75,US,1593531360,69,40.77,-72.85,75.99,3.36
343,Yablonovo,45,RU,1593531393,39,50.85,37.36,82.4,6.71
344,Meulaboh,98,ID,1593531394,81,4.14,96.13,78.87,2.55
345,Moïssala,100,TD,1593531395,87,8.34,17.77,76.8,4.56
346,Adrar,67,MR,1593531397,9,20.5,-10.07,108.46,3.33
347,Ginda,40,IN,1593531398,74,30.69,78.49,86.0,3.36
348,Fatehpur,10,IN,1593531399,55,25.93,80.8,91.72,4.25
349,Cabo San Lucas,90,MX,1593531215,78,22.89,-109.91,78.01,6.93
350,Bara,53,NG,1593531402,47,10.37,10.73,87.87,7.49
351,Ulladulla,0,AU,1593531403,100,-35.35,150.47,42.8,4.7
352,Okhotsk,14,RU,1593531404,65,59.38,143.3,51.89,11.34
353,Kautokeino,100,NO,1593531406,87,69.01,23.04,42.91,17.69
354,Camacupa,0,AO,1593531407,22,-12.02,17.48,72.36,4.21
355,Chui,100,UY,1593531408,98,-33.7,-53.46,57.69,5.21
356,Menongue,1,AO,1593531409,22,-14.66,17.69,71.82,4.9
357,Bilimbay,40,RU,1593531411,66,56.97,59.81,55.4,6.71
358,Mengcheng,14,CN,1593531412,88,33.26,116.57,74.73,5.88
359,São João da Barra,75,BR,1593531122,61,-21.64,-41.05,77.0,13.87
360,Mandera,87,KE,1593531415,42,3.94,41.87,88.5,17.52
361,Benguela,0,AO,1593531416,68,-12.58,13.41,76.05,6.85
362,Flinders,2,AU,1593531417,83,-34.58,150.86,59.0,1.99
363,São Gabriel da Cachoeira,20,BR,1593531419,79,-0.13,-67.09,84.2,2.24
364,Mehrān,0,IR,1593531420,13,33.12,46.16,89.6,9.17
365,Jacareacanga,88,BR,1593531376,62,-6.22,-57.75,89.6,4.7
366,Wangqing,100,CN,1593531423,91,43.32,129.76,55.51,3.0
367,Gander,90,CA,1593531424,83,48.97,-54.59,73.4,9.17
368,Tocopilla,3,CL,1593531425,42,-22.09,-70.2,69.12,7.74
369,Agüimes,40,ES,1593531427,57,27.91,-15.45,80.6,31.09
370,Iaciara,72,BR,1593531428,31,-14.1,-46.63,86.99,3.98
371,Río Cuarto,20,AR,1593531429,75,-33.13,-64.35,44.6,26.4
372,Wuwei,100,CN,1593531431,48,37.93,102.64,73.0,3.83
373,Iguape,0,BR,1593531432,54,-24.71,-47.56,79.39,14.74
374,Lobito,0,AO,1593531433,72,-12.35,13.55,75.11,6.11
375,Quatre Cocos,40,MU,1593531372,78,-20.21,57.76,71.6,2.24
376,Obo,99,CF,1593531436,96,5.4,26.49,72.81,4.0
377,Manuk Mangkaw,21,PH,1593531437,75,4.8,119.85,83.39,7.31
378,Venice,1,US,1593531259,70,27.1,-82.45,90.0,5.82
379,Kalmunai,100,LK,1593531439,66,7.42,81.82,84.43,10.83
380,Ust-Nera,64,RU,1593531441,64,64.57,143.2,50.86,3.31
381,Tuy Hoa,100,VN,1593531218,73,13.08,109.3,79.36,11.5
382,Chapleau,20,CA,1593531407,42,47.84,-83.4,82.4,3.36
383,Atkinson,90,US,1593531445,82,42.84,-71.15,69.01,9.17
384,Waingapu,9,ID,1593531446,82,-9.66,120.26,73.02,6.49
385,Pleasant Point,80,NZ,1593531447,73,-44.27,171.13,42.01,4.0
386,Touros,75,BR,1593531448,62,-5.2,-35.46,84.2,13.87
387,Palpa,42,PE,1593531450,38,-14.53,-75.19,73.99,5.95
388,Cabedelo,75,BR,1593531451,69,-6.98,-34.83,82.4,12.75
389,Kenai,1,US,1593531452,81,60.55,-151.26,52.0,2.82
390,Tuatapere,67,NZ,1593531454,83,-46.13,167.68,39.0,3.0
391,Alyangula,75,AU,1593531455,94,-13.85,136.42,69.8,2.24
392,Wewak,100,PG,1593531456,79,-3.55,143.63,78.82,1.68
393,Takoradze,68,GH,1593531457,77,4.88,-1.76,78.24,12.28
394,Tacoronte,40,ES,1593531459,73,28.48,-16.41,79.0,16.11
395,Sijunjung,57,ID,1593531460,88,-0.69,100.95,72.23,1.54
396,Skellefteå,98,SE,1593531461,49,64.75,20.95,77.0,3.36
397,Keningau,20,MY,1593531463,83,5.34,116.16,82.4,1.59
398,Lærdal,75,NO,1593531464,62,61.1,7.48,59.0,10.29
399,Pudem,77,RU,1593531465,67,58.3,52.17,53.15,3.42
400,Krasne,40,UA,1593531466,49,49.91,24.61,73.4,11.18
401,Griffith,40,US,1593531468,78,41.53,-87.42,84.0,3.36
402,Wattegama,75,LK,1593531469,100,6.8,81.48,80.6,9.17
403,Segovia,52,ES,1593531470,15,41.17,-4.0,93.0,4.61
404,Puro,18,PH,1593531472,79,12.48,123.38,80.87,4.07
405,Clarence Town,0,AU,1593531473,100,-32.58,151.78,48.99,5.82
406,Porto-Novo,40,BJ,1593531474,78,6.5,2.6,82.4,12.75
407,Cazones de Herrera,75,MX,1593531476,79,20.72,-97.32,84.2,5.82
408,Henties Bay,0,NA,1593531477,32,-22.12,14.28,78.01,1.01
409,Coos Bay,90,US,1593531226,100,43.37,-124.22,62.01,4.7
410,Kirakira,48,SB,1593531479,82,-10.45,161.92,77.43,7.52
411,Iquique,20,CL,1593531239,67,-20.22,-70.14,62.6,10.29
412,Carnarvon,6,AU,1593531482,88,-24.87,113.63,62.6,9.17
413,Arrondissement de Saint-Denis,90,FR,1593531401,60,48.92,2.33,73.0,16.11
414,Williston,75,US,1593531485,100,48.15,-103.62,66.2,6.46
415,Kearns,90,US,1593531204,71,40.66,-112.0,55.99,1.57
416,Ca Mau,99,VN,1593531487,83,9.18,105.15,79.18,2.42
417,Abhā,40,SA,1593531488,37,18.22,42.51,82.4,17.22
418,Khor,2,RU,1593531490,92,47.89,134.95,59.74,3.83
419,Shimoda,100,JP,1593531491,93,34.67,138.95,73.0,1.01
420,Dubbo,50,AU,1593531492,93,-32.25,148.62,42.8,5.82
421,Saint Anthony,90,US,1593531493,88,45.02,-93.22,78.8,6.93
422,Nosy Varika,0,MG,1593531495,83,-20.58,48.53,70.16,3.51
423,Atbasar,75,KZ,1593531496,77,51.8,68.33,61.79,5.39
424,Caldas Novas,8,BR,1593531497,39,-17.74,-48.62,79.68,11.9
425,Machala,86,EC,1593531499,68,-3.27,-79.97,79.09,4.85
426,Bambanglipuro,19,ID,1593531500,86,-7.95,110.28,75.81,7.9
427,Ryōtsu-minato,90,JP,1593531501,94,38.08,138.43,71.6,2.24
428,Keetmanshoop,0,NA,1593531502,18,-26.58,18.13,71.6,6.93
429,Uromi,96,NG,1593531504,95,6.7,6.33,75.52,5.08
430,Santa Cecília,100,BR,1593531505,92,-26.96,-50.43,59.56,9.48
431,Tilichiki,94,RU,1593531506,77,60.47,166.1,42.58,9.84
432,Octeville,100,FR,1593531508,100,49.63,-1.64,63.0,13.87
433,Erenhot,54,CN,1593531509,33,43.65,111.98,74.98,8.63
434,Hofn,15,IS,1593531379,75,64.25,-15.21,46.8,16.69
435,Hoquiam,90,US,1593531511,76,46.98,-123.89,55.99,8.05
436,Kedrovyy,43,RU,1593531513,77,56.17,91.82,59.0,2.24
437,Fiumicino,0,IT,1593531514,65,41.77,12.23,82.4,9.17
438,Ndioum,3,SN,1593531515,31,16.51,-14.65,102.2,4.7
439,Talcahuano,90,CL,1593531517,93,-36.72,-73.12,55.4,10.29
440,Venustiano Carranza,75,MX,1593531518,72,19.43,-99.1,64.4,3.36
441,San Juan,44,AR,1593531519,47,-31.54,-68.54,49.77,8.86
442,Kruisfontein,0,ZA,1593531368,78,-34.0,24.73,55.15,6.78
443,Opuwo,0,NA,1593531522,17,-18.06,13.84,74.46,9.24
444,Estación Queréndaro,75,MX,1593531523,82,19.87,-100.92,66.2,8.05
445,Klyuchi,20,RU,1593531525,60,52.27,79.17,70.72,10.67
446,Birnin Kebbi,58,NG,1593531526,44,12.45,4.2,90.01,6.58
447,Comala,20,MX,1593531527,78,19.32,-103.75,77.0,2.39
448,Modakeke,100,NG,1593531528,91,7.38,4.27,76.75,4.81
449,Bhadrāchalam,60,IN,1593531345,81,17.67,80.88,83.01,5.79
450,Santa Fe,5,AR,1593531443,73,-31.63,-60.7,55.99,8.99
451,Rio de Janeiro,20,BR,1593531532,69,-22.9,-43.21,80.6,5.82
452,Quelimane,20,MZ,1593531534,57,-17.88,36.89,77.0,14.99
453,Merauke,8,ID,1593531535,81,-8.47,140.33,75.88,14.56
454,Mareeba,75,AU,1593531536,83,-17.0,145.43,69.8,9.17
455,Vila Velha,75,BR,1593531538,73,-20.33,-40.29,75.99,5.82
456,Kununurra,0,AU,1593531539,28,-15.77,128.73,59.0,4.83
457,Oddur,98,SO,1593531540,58,4.12,43.89,80.67,17.0
458,Hamilton,40,US,1593531321,74,39.18,-84.53,82.0,3.36
459,Tura,79,IN,1593531543,92,25.52,90.22,75.78,3.38
460,Mezen',100,RU,1593531544,49,65.85,44.24,61.97,9.1
461,Paracuru,0,BR,1593531545,50,-3.41,-39.03,86.0,7.0
462,Tākestān,1,IR,1593531547,27,36.07,49.7,86.0,6.93
463,Umm Kaddadah,30,SD,1593531548,18,13.6,26.69,101.68,6.82
464,Tazovsky,100,RU,1593531549,96,67.47,78.7,50.31,11.14
465,Totness,16,SR,1593531551,74,5.88,-56.32,84.29,7.36
466,Belmonte,75,BR,1593531552,74,-15.86,-38.88,80.6,13.87
467,Sergeevka,100,KZ,1593531553,95,53.88,67.42,50.99,5.82
468,Faya,40,SA,1593531555,36,18.39,42.45,82.4,8.05
469,Alta Floresta,11,BR,1593531556,45,-9.88,-56.09,87.8,3.36
470,Vestmanna,95,FO,1593531557,62,62.16,-7.17,51.8,14.99
471,Alice Town,1,BS,1593531558,66,25.72,-79.3,83.75,3.11
472,Oranjemund,0,NA,1593531560,26,-28.55,16.43,72.27,9.91
473,Esperanza,3,DO,1593531561,59,19.58,-70.98,89.01,7.0
474,Glamoč,28,BA,1593531562,66,44.05,16.85,73.96,5.03
475,Alice Springs,0,AU,1593531564,29,-23.7,133.88,50.0,4.7
476,Reconquista,84,AR,1593531565,66,-29.15,-59.65,57.25,18.16
477,Luancheng,0,CN,1593531566,88,37.88,114.65,71.6,2.24
478,Malé,75,MV,1593531463,74,4.17,73.51,86.0,8.05
479,Nabire,99,ID,1593531569,85,-3.37,135.48,75.94,3.71
480,Baruun-Urt,21,MN,1593531570,66,46.68,113.28,63.3,5.23
481,Zabul Province,0,AF,1593531572,20,32.25,67.25,80.67,10.16
482,Nouadhibou,0,MR,1593531573,65,20.93,-17.03,77.0,18.34
483,Boa Vista,75,BR,1593531534,66,2.82,-60.67,84.2,3.36
484,‘Āhuimanu,75,US,1593531575,65,21.44,-157.84,78.8,5.82
485,Trois-Rivières,90,CA,1593531548,73,46.35,-72.55,69.8,18.34
486,Lundazi,37,ZM,1593531578,64,-12.29,33.18,64.38,7.65
487,Jardim,26,BR,1593531579,48,-21.48,-56.14,86.0,16.35
488,Alexandria,0,EG,1593531417,54,31.22,29.96,84.2,11.41
489,Luanda,0,AO,1593531380,88,-8.84,13.23,77.0,9.17
490,Ahipara,19,NZ,1593531583,75,-35.17,173.17,52.23,13.15
491,Nuuk,20,GL,1593531584,75,64.18,-51.72,46.4,11.41
492,Linjiang,100,CN,1593531586,87,41.81,126.91,59.02,2.91
493,Karratha,31,AU,1593531587,52,-20.74,116.85,71.1,6.71
494,Chegdomyn,87,RU,1593531588,74,51.12,133.02,58.82,1.12
495,Caraballeda,20,VE,1593531590,79,10.61,-66.85,84.2,4.7
496,Half Moon Bay,5,US,1593531383,77,37.46,-122.43,69.01,3.42
497,Darlawn,100,IN,1593531592,100,24.02,92.9,69.69,2.24
498,Caniço,40,PT,1593531593,69,32.63,-16.85,73.99,17.22
499,Bathsheba,75,BB,1593531595,66,13.22,-59.52,87.8,21.92
500,Coyhaique,90,CL,1593531438,82,-45.58,-72.07,35.6,2.24
501,Guisa,40,CU,1593531597,62,20.25,-76.54,87.8,11.41
502,Sinegor'ye,87,RU,1593531599,70,62.08,150.48,43.79,4.23
503,Carauari,95,BR,1593531600,65,-4.88,-66.9,83.91,1.9
504,Muborak,0,UZ,1593531601,16,39.26,65.15,81.84,2.19
505,Havøysund,75,NO,1593531603,81,71.0,24.66,42.8,19.46
506,Karasjok,90,NO,1593531604,87,69.47,25.51,42.8,21.92
507,Mangan,100,IN,1593531605,61,27.52,88.53,76.35,1.41
508,Sioux Lookout,90,CA,1593531607,88,50.1,-91.92,71.6,6.93
509,Phalaborwa,71,ZA,1593531608,52,-23.94,31.14,69.8,5.82
510,Nadym,100,RU,1593531609,79,65.53,72.52,50.72,12.75
511,Maceió,75,BR,1593531473,69,-9.67,-35.74,80.6,14.99
512,Villarrica,98,PY,1593531612,91,-25.75,-56.43,63.81,11.27
513,Samaná,40,DO,1593531613,79,19.21,-69.34,84.2,4.7
514,Pachmarhi,36,IN,1593531614,77,22.47,78.43,76.98,1.59
515,Kanungu,95,UG,1593531616,58,-0.96,29.79,68.11,3.29
516,Oyama,75,JP,1593531617,94,36.3,139.8,82.0,20.8
517,Lewiston,90,US,1593531618,88,44.1,-70.21,68.0,12.75
518,San Carlos,7,VE,1593531356,71,9.66,-68.58,83.59,4.81
519,Sitka,75,US,1593531621,81,57.05,-135.33,53.6,8.05
520,Atar,13,MR,1593531622,21,20.52,-13.05,109.4,6.93
521,Batagay,89,RU,1593531624,47,67.63,134.63,61.07,4.0
522,Kazanka,76,UA,1593531625,39,47.85,32.82,84.2,2.24
523,Banjar,9,ID,1593531626,79,-8.19,114.97,75.83,4.56
524,Coahuayana Viejo,20,MX,1593531627,78,18.73,-103.68,77.0,2.71
525,Aitape,81,PG,1593531629,83,-3.14,142.35,77.52,4.09
526,Maryville,90,US,1593531566,73,35.76,-83.97,77.0,4.7
527,Gorontalo,6,ID,1593531631,90,0.54,123.06,74.8,2.37
528,Kavieng,100,PG,1593531633,76,-2.57,150.8,81.9,7.34
529,Huilong,1,CN,1593531634,90,31.81,121.66,75.99,3.0
530,Pesaro,4,IT,1593531635,47,43.9,12.89,88.0,8.99
531,Dingle,2,PH,1593531637,86,11.0,122.67,77.27,2.26
532,Enshi,100,CN,1593531638,76,30.3,109.48,75.94,2.51
533,Pascagoula,40,US,1593531550,66,30.37,-88.56,89.6,3.36
534,Souillac,40,MU,1593531640,78,-20.52,57.52,71.6,2.24
535,Nisibis,20,TR,1593531642,10,37.08,41.22,102.2,13.87
536,Banda Aceh,87,ID,1593531643,77,5.56,95.32,80.38,2.57
537,Bilibino,100,RU,1593531644,84,68.05,166.44,40.19,3.15
538,Claremore,90,US,1593531646,51,36.31,-95.62,86.0,12.75
539,Nara,100,JP,1593531647,79,34.69,135.8,79.0,8.46
540,Hambantota,75,LK,1593531648,100,6.12,81.12,80.6,9.17
541,Conceição do Coité,86,BR,1593531650,57,-11.56,-39.28,80.83,7.74
542,Liverpool,20,GB,1593531524,67,53.41,-2.98,64.0,4.7
543,Sur,0,OM,1593531652,71,22.57,59.53,85.96,17.02
544,Awjilah,0,LY,1593531654,12,29.11,21.29,97.41,12.26
545,Eirunepé,86,BR,1593531518,54,-6.66,-69.87,89.91,1.52
546,Davila,100,PH,1593531656,77,18.47,120.58,83.26,14.61
547,Sassandra,83,CI,1593531658,77,4.95,-6.08,78.89,9.8
548,Sicamous,46,CA,1593531659,95,50.83,-118.99,57.0,4.07
549,Pangnirtung,90,CA,1593531660,93,66.15,-65.71,37.4,10.29
550,Panguna,98,PG,1593531661,100,-6.32,155.48,67.84,1.32
551,Port Lincoln,0,AU,1593531663,85,-34.73,135.87,54.77,15.48
552,Kuminskiy,26,RU,1593531664,70,58.67,66.57,53.31,4.79
553,Udarnyy,35,RU,1593531665,68,54.34,42.86,61.52,6.96
554,Baturaja,2,ID,1593531667,95,-4.13,104.17,73.17,2.08
555,Montijo,0,PT,1593531668,51,38.71,-8.97,82.4,11.41
556,Kontagora,93,NG,1593531669,62,10.4,5.47,85.17,1.66
557,La Plata,100,AR,1593531671,97,-34.92,-57.95,54.0,7.0
558,Caucayá,2,CO,1593531672,51,-0.19,-74.78,89.74,1.45
559,Znamenskoye,96,RU,1593531673,97,57.13,73.83,53.92,4.36
560,Qaqortoq,75,GL,1593531674,57,60.72,-46.03,51.8,8.05
561,Nueva Guinea,66,NI,1593531676,78,11.69,-84.46,81.1,14.92
562,Dudinka,67,RU,1593531677,72,69.41,86.18,60.8,17.9
563,Siocon,16,PH,1593531678,79,7.71,122.14,78.51,3.04
564,Fare,28,PF,1593531680,75,-16.7,-151.02,78.53,25.3
565,Coihueco,90,CL,1593531681,100,-36.62,-71.83,50.0,13.87
566,Saint-Joseph,26,RE,1593531682,72,-21.37,55.62,68.0,3.36
567,North Bend,90,US,1593531684,100,43.41,-124.22,60.01,4.7
568,Kaeo,0,NZ,1593531685,3,-35.1,173.78,48.0,5.01
569,Boende,67,CD,1593531686,90,-0.22,20.87,77.2,2.53
570,Río Gallegos,20,AR,1593531687,92,-51.62,-69.22,14.0,3.36
571,Demba,94,CD,1593531689,27,-5.51,22.27,88.0,2.17
572,Lavrentiya,100,RU,1593531690,87,65.58,-171.0,42.82,7.49
573,Loei,78,TH,1593531691,99,17.42,101.5,81.0,3.44
574,Makkah al Mukarramah,15,SA,1593531424,24,21.43,39.83,94.55,13.85
575,Katsuura,75,JP,1593531694,94,35.13,140.3,80.01,17.22
576,Rhyl,100,GB,1593531695,71,53.32,-3.49,62.01,1.01
577,Chulumani,2,BO,1593531697,15,-16.41,-67.53,81.77,3.4
578,Khovd,24,MN,1593531698,50,48.01,91.64,62.46,6.31
579,Tamasane,0,BW,1593531699,53,-22.42,27.4,71.6,10.29
580,Vanavara,99,RU,1593531701,84,60.34,102.28,66.4,3.44
